-- MASTER INSERT FILE FOR CCINFO208DB --

-- BARANGAY
INSERT INTO barangay (barangayID, barangayName) 
VALUES 
(1001, 'Javalera'),
(1002, 'Manggahan'),
(1003, 'Navarro'),
(1004, 'Panungyanan'),
(1005, 'Prinza'),
(1006, 'Sampalucan'),
(1007, 'Santiago'),
(1008, 'Alingaro'),
(1009, 'Pasong Camachile I'),
(1010, 'Pasong Camachile II');

-- BHW
INSERT INTO bhw (bhwID, lastName, firstName, middleName, barangay_assignedto) VALUES
(10011, 'Abad', 'Liza', 'Dela Cruz', 1001),
(10012, 'Villaflor', 'Mark', 'Reyes', 1001),
(10013, 'Manalo', 'Jenny', 'Santos', 1001),
(10014, 'Esguerra', 'Paolo', 'Ramos', 1001),
(10015, 'Narciso', 'Bea', 'Salcedo', 1001),
(10021, 'Villarin', 'Carlo', 'Lim', 1002),
(10022, 'Del Mundo', 'Sarah', 'Bautista', 1002),
(10023, 'Sebastian', 'Ethan', 'Castillo', 1002),
(10024, 'Estrada', 'Bianca', 'Villanueva', 1002),
(10025, 'Javier', 'Manuel', 'Ramirez', 1002),
(10031, 'Fabregas', 'Cindy', 'Fernandez', 1003),
(10032, 'Velasquez', 'Gilbert', 'De Leon', 1003),
(10033, 'Ordoñez', 'Lara', 'Morales', 1003),
(10034, 'Soriano', 'Nathan', 'Chavez', 1003),
(10035, 'Ferrer', 'Chloe', 'Navarro', 1003),
(10041, 'Tolentino', 'Jaime', 'Gonzales', 1004),
(10042, 'Aguilar', 'Rosa', 'Salazar', 1004),
(10043, 'Pineda', 'Patrick', 'Guevarra', 1004),
(10044, 'Salcedo', 'Ingrid', 'Mercado', 1004),
(10045, 'Villarreal', 'Bryan', 'Lim', 1004),
(10051, 'Alarcon', 'Claire', 'Tiu', 1005),
(10052, 'Marquez', 'Angelo', 'Yu', 1005),
(10053, 'Bautista', 'Trisha', 'Valdez', 1005),
(10054, 'Gutierrez', 'Kyle', 'Mendoza', 1005),
(10055, 'Santiago', 'April', 'Tan', 1005),
(10061, 'Labrador', 'Martin', 'Cruz', 1006),
(10062, 'Francisco', 'Liz', 'Santiago', 1006),
(10063, 'Carvajal', 'Paul', 'Estrada', 1006),
(10064, 'De Castro', 'Sheila', 'Ferrer', 1006),
(10065, 'Asuncion', 'Diego', 'Morales', 1006),
(10071, 'Magtoto', 'Ron', 'Sebastian', 1007),
(10072, 'Villamor', 'Kristine', 'Lopez', 1007),
(10073, 'Almeda', 'Eric', 'Bautista', 1007),
(10074, 'Vergara', 'Anya', 'Fabregas', 1007),
(10075, 'Labrador', 'Joshua', 'Alarcon', 1007),
(10081, 'Pascual', 'Joyce', 'Aguilar', 1008),
(10082, 'Ferrer', 'Oscar', 'Villaflor', 1008),
(10083, 'De Vera', 'Monica', 'Manalo', 1008),
(10084, 'Samson', 'Albert', 'Esguerra', 1008),
(10085, 'Domingo', 'Nina', 'Narciso', 1008),
(10091, 'Hernandez', 'Carlo', 'Soriano', 1009),
(10092, 'Rosales', 'Elena', 'Javier', 1009),
(10093, 'Delos Reyes', 'Ruben', 'Fabregas', 1009),
(10094, 'Olivar', 'Grace', 'Villarin', 1009),
(10095, 'Guevarra', 'Ian', 'Del Mundo', 1009),
(10101, 'Mendoza', 'Camille', 'Estrada', 1010),
(10102, 'Evangelista', 'Ralph', 'Velasquez', 1010),
(10103, 'Ocampo', 'Louise', 'Ordoñez', 1010),
(10104, 'Samson', 'Martin', 'Ferrer', 1010),
(10105, 'Dizon', 'Rachel', 'Villarreal', 1010);

-- GUARDIAN
INSERT INTO guardian (guardianID, lastname, firstname, middlename, birthdate, sex, contactno, email, relationship_to_patient, is_emergency_contact)
VALUES
(200001, 'Abad', 'Patricia', 'Martinez', '1994-02-01', 'F', '9279630189', 'patricia.abad1994@email.com', 'Legal Guardian', 'Y'),
(200002, 'Alvarado', 'Patricia', 'Ramos', '1987-06-15', 'F', '9655327834', 'patricia.alvarado87@email.com', 'Relative', 'Y'),
(200003, 'Alvarado', 'Robert', 'Cruz', '1982-06-21', 'M', '9169680109', 'robert.alvarado1982@email.com', 'Other', 'N'),
(200004, 'Aquino', 'Maria', 'Lopez', '1986-10-21', 'F', '9807305137', 'maria.aquino86@email.com', 'Other', 'Y'),
(200005, 'Aquino', 'Jessica', 'Reyes', '1983-02-19', 'F', '9856021743', 'jessica.aquino83@email.com', 'Father', 'N'),
(200006, 'Bacay', 'Anna', 'Reyes', '1978-05-29', 'F', '9189452720', 'anna.bacay1978@email.com', 'Other', 'Y'),
(200007, 'Bacay', 'Lisa', 'Martinez', '1978-02-28', 'F', '9677233023', NULL, 'Other', 'N'),
(200008, 'Bautista', 'Karen', 'Cruz', '1979-01-19', 'F', '9787805053', 'karen.bautista79@email.com', 'Mother', 'Y'),
(200009, 'Bayani', 'Patricia', 'Cruz', '1993-09-26', 'F', '9303469555', 'patricia.bayani93@email.com', 'Relative', 'Y'),
(200010, 'Belmonte', 'James', 'Martinez', '1981-09-04', 'M', '9843137745', 'james.belmonte81@email.com', 'Father', 'Y'),
(200011, 'Cabrera', 'John', 'Ramos', '1990-10-07', 'M', '9548758098', 'john.cabrera90@email.com', 'Father', 'Y'),
(200012, 'Cañete', 'Jessica', 'Vasquez', '1981-05-07', 'F', '9655825732', NULL, 'Legal Guardian', 'Y'),
(200013, 'Cañete', 'Anna', 'Garcia', '1978-11-19', 'F', '9731360343', 'anna.cañete1978@email.com', 'Father', 'N'),
(200014, 'Cordero', 'Maria', 'Ramos', '1996-03-15', 'F', '9216424035', 'maria.cordero96@email.com', 'Other', 'Y'),
(200015, 'Cordero', 'James', 'Vasquez', '1990-03-13', 'M', '9460501824', 'james.cordero90@email.com', 'Mother', 'N'),
(200016, 'Cruz', 'Jessica', 'Morales', '1982-09-17', 'F', '9186126471', 'jessica.cruz82@email.com', 'Legal Guardian', 'Y'),
(200017, 'Del Rosario', 'Karen', 'Ramos', '1977-09-19', 'F', '9471294595', 'karen.delrosario77@email.com', 'Legal Guardian', 'Y'),
(200018, 'Dela Cruz', 'Lisa', 'Torres', '1991-05-04', 'F', '9164056763', NULL, 'Other', 'Y'),
(200019, 'Dimaculangan', 'Lisa', 'Ramos', '1993-09-25', 'F', '9276561157', 'lisa.dimaculangan93@email.com', 'Other', 'Y'),
(200020, 'Dimaculangan', 'David', 'Martinez', '1981-02-20', 'M', '9770561812', 'david.dimaculangan81@email.com', 'Relative', 'N'),
(200021, 'Diokno', 'Christine', 'Ramos', '1981-12-02', 'F', '9642480443', 'christine.diokno81@email.com', 'Mother', 'Y'),
(200022, 'Diokno', 'Patricia', 'Torres', '1972-02-11', 'F', '9719212277', NULL, 'Relative', 'N'),
(200023, 'Espinoza', 'Robert', 'Cruz', '1983-04-04', 'M', '9133593573', 'robert.espinoza83@email.com', 'Mother', 'Y'),
(200024, 'Espiritu', 'David', 'Cruz', '1995-04-15', 'M', '9389331624', 'david.espiritu95@email.com', 'Other', 'Y'),
(200025, 'Espiritu', 'Christopher', 'Cruz', '1991-12-05', 'M', '9466721118', 'christopher.espiritu91@email.com', 'Other', 'N'),
(200026, 'Fernandez', 'Karen', 'Cruz', '1980-04-09', 'F', '9262600958', 'karen.fernandez80@email.com', 'Other', 'Y'),
(200027, 'Fernandez', 'Sophia', 'Vasquez', '1981-01-16', 'F', '9103412375', NULL, 'Other', 'N'),
(200028, 'Ferrer', 'Christine', 'Garcia', '1982-01-16', 'F', '9457981077', 'christine.ferrer82@email.com', 'Other', 'Y'),
(200029, 'Garcia', 'Paul', 'Cruz', '1984-01-08', 'M', '9235652613', 'paul.garcia84@email.com', 'Relative', 'Y'),
(200030, 'Geronimo', 'John', 'Morales', '1989-09-07', 'M', '9610655642', 'john.geronimo89@email.com', 'Mother', 'Y'),
(200031, 'Geronimo', 'Diana', 'Reyes', '1988-07-18', 'F', '9909201838', 'diana.geronimo88@email.com', 'Legal Guardian', 'N'),
(200032, 'Gozon', 'Michael', 'Cruz', '1973-07-17', 'M', '9427580349', 'michael.gozon73@email.com', 'Relative', 'Y'),
(200033, 'Hilario', 'James', 'Torres', '1982-11-28', 'M', '9163952382', 'james.hilario82@email.com', 'Relative', 'Y'),
(200034, 'Ibanez', 'Paul', 'Ramos', '1998-06-17', 'M', '9587685678', 'paul.ibanez98@email.com', 'Mother', 'Y'),
(200035, 'Ibanez', 'Michael', 'Torres', '1993-01-08', 'M', '9681093788', NULL, 'Legal Guardian', 'N'),
(200036, 'Jimenez', 'Sophia', 'Torres', '1995-06-25', 'F', '9908436856', 'sophia.jimenez95@email.com', 'Legal Guardian', 'Y'),
(200037, 'Joaquin', 'Anna', 'Cruz', '1980-07-15', 'F', '9557990982', 'anna.joaquin80@email.com', 'Father', 'Y'),
(200038, 'Joaquin', 'Maria', 'Cruz', '1997-02-22', 'F', '9151039519', 'maria.joaquin97@email.com', 'Legal Guardian', 'N'),
(200039, 'Ledesma', 'Diana', 'Cruz', '1990-08-26', 'F', '9286012624', 'diana.ledesma90@email.com', 'Relative', 'Y'),
(200040, 'Lopez', 'Maria', 'Morales', '1981-12-12', 'F', '9154217939', 'maria.lopez81@email.com', 'Other', 'Y'),
(200041, 'Lopez', 'John', 'Cruz', '1993-12-26', 'M', '9111623495', 'john.lopez93@email.com', 'Other', 'N'),
(200042, 'Manlapig', 'Patricia', 'Martinez', '1983-11-01', 'F', '9620183348', 'patricia.manlapig83@email.com', 'Other', 'Y'),
(200043, 'Manlapig', 'James', 'Garcia', '1998-11-20', 'M', '9937144127', 'james.manlapig98@email.com', 'Legal Guardian', 'N'),
(200044, 'Mendoza', 'James', 'Santos', '1995-06-13', 'M', '9473271990', 'james.mendoza95@email.com', 'Other', 'Y'),
(200045, 'Mendoza', 'Michael', 'Morales', '1992-06-08', 'M', '9623499920', NULL, 'Legal Guardian', 'N'),
(200046, 'Mercado', 'Jessica', 'Martinez', '1972-10-21', 'F', '9151036016', 'jessica.mercado72@email.com', 'Legal Guardian', 'Y'),
(200047, 'Morales', 'Karen', 'Lopez', '1996-12-17', 'F', '9453120397', 'karen.morales96@email.com', 'Other', 'Y'),
(200048, 'Morales', 'Anna', 'Ramos', '1991-10-25', 'F', '9168143838', NULL, 'Other', 'N'),
(200049, 'Navarro', 'Michael', 'Cruz', '1976-03-21', 'M', '9480229205', 'michael.navarro76@email.com', 'Legal Guardian', 'Y'),
(200050, 'Ocampo', 'Sophia', 'Cruz', '1973-10-27', 'F', '9956079001', 'sophia.ocampo73@email.com', 'Mother', 'Y'),
(200051, 'Ocampo', 'Diana', 'Reyes', '1972-04-05', 'F', '9290528899', NULL, 'Mother', 'N'),
(200052, 'Panganiban', 'John', 'Cruz', '1986-12-14', 'M', '9113814470', 'john.panganiban86@email.com', 'Relative', 'Y'),
(200053, 'Pascual', 'James', 'Lopez', '1980-08-01', 'M', '9615984728', 'james.pascual80@email.com', 'Other', 'Y'),
(200054, 'Pascual', 'Daniel', 'Morales', '1972-09-07', 'M', '9835457834', 'daniel.pascual72@email.com', 'Father', 'N'),
(200055, 'Pimentel', 'Lisa', 'Lopez', '1987-05-05', 'F', '9978818662', 'lisa.pimentel87@email.com', 'Legal Guardian', 'Y'),
(200056, 'Quintero', 'Angela', 'Lopez', '1982-03-22', 'F', '9110863241', 'angela.quintero82@email.com', 'Legal Guardian', 'Y'),
(200057, 'Quintero', 'David', 'Torres', '1998-09-08', 'M', '9997020549', 'david.quintero98@email.com', 'Legal Guardian', 'N'),
(200058, 'Razon', 'Daniel', 'Ramos', '1992-03-31', 'M', '9508260611', 'daniel.razon92@email.com', 'Mother', 'Y'),
(200059, 'Reyes', 'Robert', 'Martinez', '1971-09-03', 'M', '9643142231', 'robert.reyes71@email.com', 'Relative', 'Y'),
(200060, 'Salazar', 'Christine', 'Cruz', '1978-04-14', 'F', '9961544297', 'christine.salazar78@email.com', 'Other', 'Y'),
(200061, 'Salazar', 'Christopher', 'Morales', '1991-06-02', 'M', '9174964109', 'christopher.salazar91@email.com', 'Relative', 'N'),
(200062, 'Santos', 'Lisa', 'Ramos', '1992-03-04', 'F', '9353842726', 'lisa.santos92@email.com', 'Relative', 'Y'),
(200063, 'Sarmiento', 'Angela', 'Martinez', '1981-07-31', 'F', '9746805436', 'angela.sarmiento81@email.com', 'Other', 'Y'),
(200064, 'Serrano', 'Michael', 'Ramos', '1978-05-25', 'M', '9492706549', 'michael.serrano78@email.com', 'Other', 'Y'),
(200065, 'Tan', 'Andrew', 'Cruz', '1972-11-08', 'M', '9374462178', 'andrew.tan72@email.com', 'Mother', 'Y'),
(200066, 'Tanjuatco', 'Diana', 'Martinez', '1974-02-10', 'F', '9351033894', 'diana.tanjuatco74@email.com', 'Father', 'Y'),
(200067, 'Tanjuatco', 'Andrew', 'Torres', '1973-08-04', 'M', '9972062763', NULL, 'Mother', 'N'),
(200068, 'Villanueva', 'Daniel', 'Lopez', '1979-09-21', 'M', '9847446290', 'daniel.villanueva79@email.com', 'Mother', 'Y'),
(200069, 'Villanueva', 'Lisa', 'Reyes', '1982-07-27', 'F', '9610248015', 'lisa.villanueva82@email.com', 'Legal Guardian', 'N'),
(200070, 'Villarreal', 'Robert', 'Ramos', '1984-08-29', 'M', '9301791247', 'robert.villarreal84@email.com', 'Father', 'Y'),
(200071, 'Yulo', 'Maria', 'Cruz', '1991-07-22', 'F', '9354829796', 'maria.yulo91@email.com', 'Other', 'Y'),
(200072, 'Yulo', 'Angela', 'Martinez', '1981-08-18', 'F', '9190818279', NULL, 'Father', 'N'),
(200073, 'Zamora', 'Jessica', 'Morales', '1975-11-28', 'F', '9733339896', 'jessica.zamora75@email.com', 'Other', 'Y'),
(200074, 'Zamora', 'Christopher', 'Morales', '1977-01-11', 'M', '9545658020', 'christopher.zamora77@email.com', 'Mother', 'N'),
(200075, 'Santos', 'Carlos', 'Cruz', '1985-03-15', 'M', '9171234567', NULL, 'Father', 'Y'),
(200076, 'Fernandez', 'Maria', 'Dela Cruz', '1990-06-25', 'F', '9179876543', NULL, 'Mother', 'Y'),
(200077, 'Mendoza', 'Pedro', 'Reyes', '1983-11-05', 'M', '9178889911', NULL, 'Father', 'N'),
(200078, 'Ramos', 'Anna', 'Morales', '1992-12-01', 'F', '9221235678', NULL, 'Mother', 'Y'),
(200079, 'Alvarado', 'Jose', 'Villanueva', '1987-02-14', 'M', '9321112233', NULL, 'Relative', 'N'),
(200080, 'Bautista', 'Elena', 'Torres', '1991-05-18', 'F', '9445566778', NULL, 'Mother', 'Y'),
(200081, 'Aquino', 'Alberto', 'Mendoza', '1986-07-29', 'M', '9233445566', NULL, 'Father', 'Y'),
(200082, 'Cruz', 'Isabel', 'Lopez', '1993-04-12', 'F', '9175567890', NULL, 'Legal Guardian', 'N'),
(200083, 'Garcia', 'Manuel', 'Tan', '1988-09-30', 'M', '9449988777', NULL, 'Other', 'Y'),
(200084, 'Delgado', 'Teresa', 'Pascual', '1995-06-20', 'F', '9171114456', NULL, 'Mother', 'Y'),
(200085, 'Morales', 'Juan', 'Santos', '1984-01-19', 'M', '9226677888', NULL, 'Father', 'Y'),
(200086, 'Villanueva', 'Angela', 'Garcia', '1986-10-22', 'F', '9219922334', NULL, 'Relative', 'N'),
(200087, 'Dimaculangan', 'Felicia', 'Cruz', '1983-07-14', 'F', '9442234567', NULL, 'Mother', 'Y'),
(200088, 'Santos', 'Roberto', 'Mercado', '1990-05-03', 'M', '9173334455', NULL, 'Father', 'N'),
(200089, 'Hilario', 'Katrina', 'Panganiban', '1992-08-19', 'F', '9174567890', NULL, 'Mother', 'Y'),
(200090, 'Ocampo', 'Mateo', 'Villanueva', '1989-09-11', 'M', '9223334445', NULL, 'Legal Guardian', 'N'),
(200091, 'Ramos', 'Leticia', 'Alvarado', '1994-03-02', 'F', '9178889900', NULL, 'Mother', 'Y'),
(200092, 'Cabrera', 'Miguel', 'Mendoza', '1985-10-12', 'M', '9334455678', NULL, 'Father', 'N'),
(200093, 'Del Rosario', 'Carmen', 'Santos', '1987-12-24', 'F', '9174445567', NULL, 'Mother', 'Y'),
(200094, 'Reyes', 'Antonio', 'Cruz', '1986-02-20', 'M', '9449912223', NULL, 'Father', 'N'),
(200095, 'Espiritu', 'Loren', 'De Guzman', '1988-04-08', 'F', '9178887766', NULL, 'Relative', 'Y'),
(200096, 'Lopez', 'Fernando', 'Villanueva', '1989-07-30', 'M', '9331112222', NULL, 'Father', 'Y'),
(200097, 'Villarreal', 'Julia', 'Manlapig', '1993-11-17', 'F', '9172233456', NULL, 'Mother', 'Y'),
(200098, 'Serrano', 'Andrea', 'Tan', '1992-08-14', 'F', '9221223344', NULL, 'Legal Guardian', 'N'),
(200099, 'Zamora', 'Roberto', 'Reyes', '1984-01-10', 'M', '9445566799', NULL, 'Father', 'Y');

-- CLOSECONTACT
INSERT INTO closecontact (closecontactID, lastname, firstname, middlename, birthday, sex, involved_bhw, is_elevated_to_patient)
VALUES
(300002, 'Fernandez', 'Miguel', 'Dela Cruz', '2015-06-15', 'M', 10011, 'Y'),
(300004, 'Ramos', 'Felipe', 'Morales', '2020-12-25', 'M', 10012, 'Y'),
(300006, 'Bautista', 'Julia', 'Torres', '2013-10-09', 'F', 10022, 'Y'),
(300011, 'Morales', 'Hugo', 'Santos', '2018-04-20', 'M', 10033, 'Y'),
(300014, 'Santos', 'Victoria', 'Mercado', '2021-08-18', 'F', 10042, 'Y'),
(300017, 'Ramos', 'Benito', 'Alvarado', '2017-03-22', 'M', 10052, 'Y'),
(300020, 'Reyes', 'Mateo', 'Cruz', '2016-11-29', 'M', 10064, 'Y'),
(300022, 'Lopez', 'Sandra', 'Villanueva', '2014-03-03', 'F', 10074, 'Y'),
(300025, 'Zamora', 'Luke', 'Reyes', '2018-08-08', 'M', 10082, 'Y'),
(300001, 'Santos', 'Elena', 'Cruz', '2018-11-23', 'F', 10042, 'N'),
(300003, 'Mendoza', 'Clara', 'Reyes', '2014-04-08', 'F', 10043, 'N'),
(300005, 'Alvarado', 'Diana', 'Villanueva', '2016-05-30', 'F', 10044, 'N'),
(300007, 'Aquino', 'Carl', 'Mendoza', '2021-01-01', 'M', 10045, 'N'),
(300008, 'Cruz', 'Angelica', 'Lopez', '2019-05-11', 'F', 10051, 'N'),
(300009, 'Garcia', 'Luis', 'Tan', '2015-02-03', 'M', 10052, 'N'),
(300010, 'Delgado', 'Martha', 'Pascual', '2017-07-07', 'F', 10053, 'N'),
(300012, 'Villanueva', 'Andrea', 'Garcia', '2013-12-12', 'F', 10054, 'N'),
(300013, 'Dimaculangan', 'Diego', 'Cruz', '2014-09-09', 'M', 10055, 'N'),
(300015, 'Hilario', 'Jaime', 'Panganiban', '2019-11-15', 'M', 10061, 'N'),
(300016, 'Ocampo', 'Maria', 'Villanueva', '2020-10-10', 'F', 10062, 'N'),
(300018, 'Cabrera', 'Sophia', 'Mendoza', '2015-06-06', 'F', 10063, 'N'),
(300019, 'Del Rosario', 'Isabel', 'Santos', '2018-02-14', 'F', 10064, 'N'),
(300021, 'Espiritu', 'Anna', 'De Guzman', '2013-01-01', 'F', 10065, 'N'),
(300023, 'Villarreal', 'Emilio', 'Manlapig', '2019-04-04', 'M', 10071, 'N'),
(300024, 'Serrano', 'Daniela', 'Tan', '2020-12-21', 'F', 10072, 'N');

-- CC_GUARDIAN
INSERT INTO cc_guardian (closecontactID, guardianID)
VALUES
(300001, 200075),
(300002, 200076),
(300003, 200077),
(300004, 200078),
(300005, 200079),
(300006, 200080),
(300007, 200081),
(300008, 200082),
(300009, 200083),
(300010, 200084),
(300011, 200085),
(300012, 200086),
(300013, 200087),
(300014, 200088),
(300015, 200089),
(300016, 200090),
(300017, 200091),
(300018, 200092),
(300019, 200093),
(300020, 200094),
(300021, 200095),
(300022, 200096),
(300023, 200097),
(300024, 200098),
(300025, 200099);

-- HEALTHASSESSMENT
INSERT INTO healthassessment (healthassessmentID, weight_kg, height_cm, systolic_bp, diastolic_bp, body_temp)
VALUES
(100520, 50.2, 103, 105, 60, 36.5),
(100521, 62.5, 115, 120, 78, 37.1),
(100522, 70.3, 98, 130, 85, 36.8),
(100523, 54.7, 140, 98, 55, 36.4),
(100524, 68.9, 123, 145, 90, 37),
(100525, 57.8, 110, 110, 70, 36.7),
(100526, 59.4, 125, 125, 82, 36.9),
(100527, 65.1, 134, 140, 95, 37.2),
(100528, 72.6, 142, 115, 72, 36.6),
(100529, 49.5, 108, 135, 88, 37.3),
(100530, 61.2, 155, 150, 100, 36.2),
(100531, 74.8, 127, 128, 76, 36.8),
(100532, 66.7, 132, 160, 702, 37.5),
(100533, 60.4, 160, 110, 64, 36.7),
(100534, 55.3, 120, 148, 94, 36.3),
(100535, 69.8, 150, 170, 105, 40.1),
(100536, 63.1, 138, 125, 80, 36.9),
(100537, 71.4, 145, 155, 92, 37.4),
(100538, 67.9, 117, 118, 72, 36.5),
(100539, 64.5, 136, 138, 84, 36.6),
(100540, 58.2, 129, 162, 106, 37),
(100541, 75.6, 141, 133, 90, 37.2),
(100542, 80.1, 119, 140, 88, 36.4),
(100543, 53.4, 153, 119, 75, 36.7),
(100544, 66.1, 128, 175, 108, 37.1),
(100545, 62.9, 118, 150, 96, 37.3),
(100546, 61.6, 133, 122, 70, 31.5),
(100547, 77.3, 165, 180, 110, 36.8),
(100548, 64.8, 149, 134, 86, 37),
(100549, 80.9, 130, 158, 98, 36.9),
(100550, 79.7, 121, 144, 91, 37.2),
(100551, 70, 154, 112, 68, 36.4),
(100552, 73.5, 137, 165, 104, 37.1),
(100553, 56.1, 152, 130, 79, 36.6),
(100554, 59.8, 148, 160, 100, 36.7),
(100555, 75.2, 164, 125, 74, 37.3),
(100556, 66.4, 126, 149, 92, 36.5),
(100557, 78.3, 139, 145, 89, 37),
(100558, 65.9, 159, 138, 83, 37.4),
(100559, 60.6, 146, 160, 106, 36.9),
(100560, 68.5, 156, 137, 87, 36.8),
(100561, 81, 140, 155, 98, 37.2),
(100562, 72.1, 162, 118, 69, 37),
(100563, 67.1, 131, 168, 109, 36.5),
(100564, 69.3, 122, 130, 80, 36.7),
(100565, 74.2, 143, 145, 93, 37.3),
(100566, 58.6, 151, 162, 105, 36.6),
(100567, 56.9, 124, 150, 90, 36.9),
(100568, 77.8, 158, 172, 107, 37.1),
(100569, 82.9, 147, 140, 80, 37),
(100570, 73.2, 130, 132, 79, 36.4),
(100571, 69.7, 128, 154, 81, 36.6),
(100572, 74.7, 121, 110, 86, 36.8),
(100573, 76.3, 113, 162, 93, 37),
(100574, 67.9, 119, 126, 82, 37.2),
(100575, 80.1, 121, 137, 91, 36.9),
(100576, 76, 115, 144, 76, 37.1),
(100577, 72.1, 136, 141, 87, 36.5),
(100578, 70.7, 113, 109, 78, 36.7),
(100579, 50.2, 103, 105, 60, 36.5),
(100580, 62.5, 115, 120, 78, 37.1),
(100581, 70.3, 98, 130, 85, 36.8),
(100582, 54.7, 140, 98, 55, 36.4),
(100583, 68.9, 123, 145, 90, 37),
(100584, 57.8, 110, 110, 70, 36.7),
(100585, 59.4, 125, 125, 82, 36.9),
(100586, 65.1, 134, 140, 95, 37.2),
(100587, 72.6, 142, 115, 72, 36.6),
(100588, 49.5, 108, 135, 88, 37.3),
(100589, 61.2, 155, 150, 100, 36.2),
(100590, 74.8, 127, 128, 76, 36.8),
(100591, 66.7, 132, 160, 702, 37.5),
(100592, 60.4, 160, 110, 64, 36.7),
(100593, 55.3, 120, 148, 94, 36.3),
(100594, 69.8, 150, 170, 105, 40.1),
(100595, 63.1, 138, 125, 80, 36.9),
(100596, 71.4, 145, 155, 92, 37.4),
(100597, 67.9, 117, 118, 72, 36.5),
(100598, 64.5, 136, 138, 84, 36.6),
(100599, 58.2, 129, 162, 106, 37),
(100600, 75.6, 141, 133, 90, 37.2),
(100601, 80.1, 119, 140, 88, 36.4),
(100602, 53.4, 153, 119, 75, 36.7),
(100603, 66.1, 128, 175, 108, 37.1),
(100604, 62.9, 118, 150, 96, 37.3),
(100605, 61.6, 133, 122, 70, 36.5),
(100606, 77.3, 165, 180, 110, 36.8),
(100607, 64.8, 149, 134, 86, 37),
(100608, 80.9, 130, 158, 98, 36.9),
(100609, 79.7, 121, 144, 91, 37.2),
(100610, 70, 154, 112, 68, 36.4),
(100611, 73.5, 137, 165, 104, 37.1),
(100612, 56.1, 152, 130, 79, 36.6),
(100613, 59.8, 148, 160, 100, 36.7),
(100614, 75.2, 164, 125, 74, 37.3),
(100615, 66.4, 126, 149, 92, 36.5),
(100616, 78.3, 139, 145, 89, 37),
(100617, 65.9, 159, 138, 83, 37.4),
(100618, 60.6, 146, 160, 106, 36.9),
(100619, 68.5, 156, 137, 87, 36.8),
(100620, 81, 140, 155, 98, 37.2),
(100621, 72.1, 162, 118, 69, 37),
(100622, 67.1, 131, 168, 109, 36.5),
(100623, 69.3, 122, 130, 80, 36.7),
(100624, 74.2, 143, 145, 93, 37.3),
(100625, 58.6, 151, 162, 105, 36.6),
(100626, 56.9, 124, 150, 90, 36.9),
(100627, 77.8, 158, 172, 107, 37.1),
(100628, 82.9, 147, 140, 80, 37),
(100629, 73.2, 130, 132, 79, 36.4),
(100630, 69.7, 128, 154, 81, 36.6),
(100631, 74.7, 121, 110, 86, 36.8),
(100632, 76.3, 113, 162, 93, 37),
(100633, 67.9, 119, 126, 82, 37.2),
(100634, 80.1, 121, 137, 91, 36.9),
(100635, 76, 115, 144, 76, 37.1),
(100636, 72.1, 136, 141, 87, 36.5),
(100637, 70.7, 113, 109, 78, 36.7),
(100638, 56.9, 124, 150, 90, 36.9),
(100639, 77.8, 158, 172, 107, 37.1),
(100640, 58, 175, 120, 60, 36.6),
(100641, 72, 160, 135, 75, 36.8),
(100642, 65, 182, 150, 80, 37),
(100643, 80, 168, 140, 70, 36.3),
(100644, 55, 155, 110, 65, 36.7),
(100645, 68, 170, 95, 85, 36.5),
(100646, 73, 185, 165, 90, 36.4),
(100647, 61, 160, 130, 68, 36.9),
(100648, 77, 177, 155, 72, 36.6),
(100649, 50, 172, 145, 78, 36.2),
(100650, 85, 165, 160, 88, 37.1),
(100651, 62, 180, 125, 74, 36.7),
(100652, 70, 158, 100, 62, 36.8),
(100653, 64, 174, 175, 86, 36.4),
(100654, 90, 169, 140, 76, 36.5),
(100655, 76, 164, 135, 69, 37),
(100656, 59, 162, 115, 81, 36.9),
(100657, 81, 178, 145, 64, 36.3),
(100658, 54, 181, 170, 79, 36.8),
(100659, 66, 167, 105, 71, 36.6),
(100660, 75, 173, 90, 67, 36.7),
(100661, 71, 166, 150, 83, 36.4),
(100662, 67, 179, 145, 77, 36.3),
(100663, 82, 171, 135, 63, 36.8),
(100664, 78, 184, 125, 82, 37.2),
(100665, 69, 176, 160, 85, 36.9),
(100666, 60, 157, 140, 73, 36.7),
(100667, 63, 174, 155, 68, 36.5),
(100668, 79, 163, 170, 84, 36.6),
(100669, 86, 168, 100, 70, 36.4),
(100670, 74, 180, 115, 66, 35.8),
(100671, 62, 163, 120, 78, 35.9),
(100672, 58, 159, 95, 80, 35.6),
(100673, 75, 175, 130, 75, 35.7),
(100674, 68, 169, 165, 69, 35.5),
(100675, 65, 162, 140, 62, 37.6),
(100676, 70, 170, 125, 88, 37.8),
(100677, 77, 178, 145, 77, 38),
(100678, 66, 177, 160, 74, 37.7),
(100679, 84, 181, 135, 65, 38.2),
(100680, 69, 160, 175, 81, 36.8),
(100681, 63, 165, 105, 72, 36.4),
(100682, 80, 172, 110, 66, 36.7),
(100683, 56, 174, 120, 86, 36.9),
(100684, 74, 169, 155, 90, 36.6),
(100685, 82, 183, 140, 68, 36.3),
(100686, 65, 157, 130, 79, 37),
(100687, 72, 161, 150, 70, 36.5),
(100688, 78, 173, 135, 63, 36.8),
(100689, 59, 162, 145, 84, 36.9),
(100690, 88, 180, 125, 82, 37.1),
(100691, 64, 171, 100, 76, 36.7),
(100692, 61, 175, 170, 75, 36.4),
(100693, 73, 167, 155, 80, 36.5),
(100694, 68, 158, 140, 67, 36.6),
(100695, 57, 164, 95, 85, 36.9),
(100696, 76, 182, 165, 64, 36.2),
(100697, 80, 174, 145, 78, 37),
(100698, 61, 177, 152, 72, 37.8);

-- CC_HEALTHASSESSMENT
INSERT INTO cc_healthassessment (closecontactID, healthassessmentID)
VALUES
(300001, 100640),
(300002, 100641),
(300003, 100642),
(300004, 100643),
(300005, 100644),
(300006, 100645),
(300007, 100646),
(300008, 100647),
(300009, 100648),
(300010, 100649),
(300011, 100650),
(300012, 100651),
(300013, 100652),
(300014, 100653),
(300015, 100654),
(300016, 100655),
(300017, 100656),
(300018, 100657),
(300019, 100658),
(300020, 100659),
(300021, 100660),
(300022, 100661),
(300023, 100662),
(300024, 100663),
(300025, 100664);

-- CURRENTADDRESS
INSERT INTO currentaddress (addressID, ca_houseno, ca_subdivision, ca_streetname, ca_barangay)
VALUES
(1001, 'Blk 68 Lot 34', 'Pasong Camachile Heights', 'Sta. Ana St.', 1009),
(1002, 'Blk 29 Lot 78', 'Manggahan Hills Subdivision', 'Governor’s Ave.', 1002),
(1003, 'Blk 76 Lot 23', 'Javalera Village', 'Trias Heights Rd.', 1001),
(1004, 'Blk 7 Lot 63', 'San Jose Subdivision', 'Gumamela St.', 1006),
(1005, 'Blk 23 Lot 22', 'Santiago Hills', 'Sta. Rosa Ave.', 1007),
(1006, 'Blk 102 Lot 50', 'Alingaro Meadows', 'San Juan St.', 1008),
(1007, 'Blk 17 Lot 81', 'Green Valley Subdivision', 'Malvar St.', 1004),
(1008, 'Blk 17 Lot 39', 'Navarro Park Subdivision', 'Governor Trias St.', 1003),
(1009, 'Blk 30 Lot 39', 'Prinza Park Subdivision', 'San Gabriel St.', 1005),
(1010, 'Blk 29 Lot 12', 'Hillside Estates', 'Manggahan Rd.', 1006),
(1011, 'Blk 81 Lot 17', 'Camella Homes', 'San Pedro St.', 1009),
(1012, 'Blk 17 Lot 101', 'Riverside Subdivision', 'Santa Lucia Ave.', 1002),
(1013, 'Blk 39 Lot 7', 'San Pedro Heights', 'Bagumbayan St.', 1010),
(1014, 'Blk 23 Lot 29', 'Golden Gate Subdivision', 'Poblacion Rd.', 1007),
(1015, 'Blk 17 Lot 29', 'Alingaro Hills', 'Dulong Bayan St.', 1008),
(1016, 'Blk 68 Lot 29', 'Laurel Heights', 'Javalera St.', 1006),
(1017, 'Blk 76 Lot 40', 'Navarro Heights', 'Sampaloc Rd.', 1003),
(1018, 'Blk 34 Lot 17', 'Pacific Subdivision', 'Calero St.', 1004),
(1019, 'Blk 72 Lot 87', 'Prinza Meadows', 'Maharlika Rd.', 1005),
(1020, 'Blk 56 Lot 34', 'Vista Verde Subdivision', 'Bignay St.', 1010),
(1021, 'Blk 8 Lot 56', 'Summit Ridge', 'Sampaloc Ext.', 1001),
(1022, 'Blk 13 Lot 74', 'Hillcrest Subdivision', 'Bayanan St.', 1007),
(1023, 'Blk 29 Lot 33', 'Bagumbayan Estates', 'Langkaan Rd.', 1002),
(1024, 'Blk 95 Lot 95', 'Rosewood Gardens', 'Prinza Rd.', 1006),
(1025, 'Blk 13 Lot 88', 'Vista View Subdivision', 'Tandang Sora Ave.', 1004),
(1026, 'Blk 31 Lot 33', 'Riverbend Estates', 'Cruz Na Daan Rd.', 1005),
(1027, 'Blk 38 Lot 45', 'Amity Hills Subdivision', 'Bayanihan Ave.', 1007),
(1028, 'Blk 12 Lot 38', 'Pacific Heights', 'Magnolia St.', 1009),
(1029, 'Blk 33 Lot 62', 'Green Acres Subdivision', 'Poblacion II Rd.', 1003),
(1030, 'Blk 112 Lot 3', 'Acacia Estates', 'New York St.', 1002),
(1031, 'Blk 101 Lot 23', 'Camachile View Subdivision', 'Buenavista St.', 1010),
(1032, 'Blk 31 Lot 102', 'Westwood Subdivision', 'Longos Rd.', 1001),
(1033, 'Blk 12 Lot 33', 'Riverside Heights', 'Pedro Gil St.', 1004),
(1034, 'Blk 95 Lot 56', 'San Francisco Subdivision', 'Batangas Rd.', 1006),
(1035, 'Blk 44 Lot 54', 'Highland Park Subdivision', 'Dos Hermanos Rd.', 1007),
(1036, 'Blk 12 Lot 13', 'La Posada Subdivision', 'Talon St.', 1005),
(1037, 'Blk 33 Lot 81', 'Alingaro Park', 'Alingaro St.', 1008),
(1038, 'Blk 101 Lot 112', 'Maplewood Subdivision', 'Maghiliw St.', 1003),
(1039, 'Blk 47 Lot 87', 'Greenhills Subdivision', 'Bucandala Rd.', 1009),
(1040, 'Blk 23 Lot 74', 'Golden Oaks Subdivision', 'Lallana St.', 1006),
(1041, 'Blk 63 Lot 39', 'Vista Rica Subdivision', 'Pascual St.', 1007),
(1042, 'Blk 74 Lot 12', 'Almeda Heights', 'Barangka St.', 1002),
(1043, 'Blk 38 Lot 12', 'Redwood Subdivision', 'Dalahican Rd.', 1004),
(1044, 'Blk 23 Lot 77', 'Magnolia Grove Subdivision', 'Lakandula St.', 1005),
(1045, 'Blk 90 Lot 102', 'Crystal Village', 'Manalo St.', 1010),
(1046, 'Blk 62 Lot 47', 'San Antonio Heights', 'Sangley Point Rd.', 1006),
(1047, 'Blk 116 Lot 3', 'Hillside Grove', 'Quezon Ave.', 1001),
(1048, 'Blk 23 Lot 87', 'Rivercrest Subdivision', 'Pilar St.', 1007),
(1049, 'Blk 29 Lot 23', 'Maple Ridge Subdivision', 'Villa Maria Rd.', 1008),
(1050, 'Blk 54 Lot 87', 'Camachile Grove', 'San Vicente St.', 1009),
(1051, 'Blk 34 Lot 112', 'Evergreen Homes', 'Fuchsia St.', 1001),
(1052, 'Blk 34 Lot 68', 'Casa de Trias', 'Villa Lane', 1001),
(1053, 'Blk 50 Lot 78', 'Grandview Subdivision', 'Mango St.', 1002),
(1054, 'Blk 3 Lot 29', 'Roselands Village', 'Lily Ave.', 1003),
(1055, 'Blk 12 Lot 110', 'The Villas at Trias', 'Sunset Blvd.', 1004),
(1056, 'Blk 88 Lot 56', 'San Antonio Residences', 'Palm Dr.', 1005),
(1057, 'Blk 101 Lot 110', 'Vista Verde Subdivision', 'Greenfield Rd.', 1006),
(1058, 'Blk 78 Lot 56', 'Bella Vista Gardens', 'Orchid St.', 1007),
(1059, 'Blk 3 Lot 34', 'Green Acres Subdivision', 'Rose St.', 1008);

-- REF_SYMPTOMS
INSERT INTO ref_symptoms (symptom, symptomType) VALUES
('Persistent cough', 'Cardinal'),
('Hemoptysis', 'Cardinal'),
('Weight loss', 'Cardinal'),
('Night sweats', 'Cardinal'),
('Fever', 'Cardinal'),
('Chest pain', 'Additional'),
('Fatigue', 'Additional'),
('Shortness of breath', 'Additional'),
('Loss of appetite', 'Additional'),
('Swelling in lymph nodes', 'Additional'),
('Hoarseness', 'Additional'),
('Chills', 'Additional'),
('Back pain', 'Additional'),
('Abdominal pain', 'Additional'),
('Joint pain', 'Additional');

-- HA_SYMPTOMS
INSERT INTO ha_symptoms (healthassessmentID, symptom, symptom_duration_2_weeks)
VALUES
(100522, 'Loss of appetite', 'N'),
(100523, 'Persistent cough', 'Y'),
(100527, 'Chills', 'N'),
(100528, 'Joint pain', 'N'),
(100530, 'Hoarseness', 'Y'),
(100531, 'Chills', 'Y'),
(100533, 'Night sweats', 'N'),
(100534, 'Hemoptysis', 'Y'),
(100536, 'Hoarseness', 'N'),
(100537, 'Abdominal pain', 'N'),
(100538, 'Chest pain', 'Y'),
(100539, 'Weight loss', 'N'),
(100542, 'Chills', 'N'),
(100543, 'Fatigue', 'Y'),
(100545, 'Weight loss', 'Y'),
(100546, 'Hoarseness', 'Y'),
(100548, 'Fatigue', 'Y'),
(100549, 'Chest pain', 'N'),
(100550, 'Back pain', 'Y'),
(100551, 'Night sweats', 'Y'),
(100554, 'Hemoptysis', 'N'),
(100555, 'Shortness of breath', 'N'),
(100557, 'Loss of appetite', 'Y'),
(100558, 'Swelling in lymph nodes', 'Y'),
(100560, 'Shortness of breath', 'N'),
(100561, 'Fever', 'Y'),
(100563, 'Back pain', 'Y'),
(100564, 'Persistent cough', 'N'),
(100566, 'Fever', 'N'),
(100567, 'Abdominal pain', 'N'),
(100568, 'Persistent cough', 'Y'),
(100569, 'Back pain', 'Y'),
(100572, 'Swelling in lymph nodes', 'N'),
(100573, 'Hoarseness', 'Y'),
(100575, 'Hoarseness', 'Y'),
(100576, 'Swelling in lymph nodes', 'N'),
(100578, 'Abdominal pain', 'Y'),
(100579, 'Joint pain', 'Y'),
(100581, 'Joint pain', 'N'),
(100582, 'Chills', 'N'),
(100584, 'Chest pain', 'Y'),
(100585, 'Shortness of breath', 'Y'),
(100587, 'Chills', 'N'),
(100588, 'Hemoptysis', 'Y'),
(100590, 'Weight loss', 'Y'),
(100591, 'Loss of appetite', 'N'),
(100592, 'Fatigue', 'N'),
(100593, 'Night sweats', 'N'),
(100596, 'Night sweats', 'N'),
(100597, 'Chest pain', 'Y'),
(100598, 'Hoarseness', 'Y'),
(100599, 'Fatigue', 'N'),
(100602, 'Shortness of breath', 'Y'),
(100603, 'Weight loss', 'Y'),
(100604, 'Swelling in lymph nodes', 'N'),
(100605, 'Fever', 'N'),
(100608, 'Back pain', 'Y'),
(100609, 'Persistent cough', 'Y'),
(100611, 'Fever', 'Y'),
(100640, 'Night sweats', 'Y'),
(100641, 'Fatigue', 'N'),
(100642, 'Hemoptysis', 'Y'),
(100643, 'Chills', 'N'),
(100644, 'Night sweats', 'Y'),
(100645, 'Persistent cough', 'N'),
(100646, 'Weight loss', 'Y'),
(100647, 'Swelling in lymph nodes', 'N'),
(100648, 'Joint pain', 'Y'),
(100649, 'Chills', 'N'),
(100650, 'Back pain', 'Y'),
(100651, 'Chest pain', 'N'),
(100652, 'Abdominal pain', 'N'),
(100653, 'Hoarseness', 'Y'),
(100654, 'Loss of appetite', 'Y'),
(100655, 'Fever', 'N'),
(100656, 'Night sweats', 'Y'),
(100657, 'Chills', 'Y'),
(100658, 'Hoarseness', 'N'),
(100659, 'Fatigue', 'N'),
(100660, 'Chest pain', 'Y'),
(100661, 'Persistent cough', 'Y'),
(100662, 'Joint pain', 'N'),
(100663, 'Swelling in lymph nodes', 'N'),
(100664, 'Hemoptysis', 'Y'),
(100665, 'Abdominal pain', 'N'),
(100666, 'Swelling in lymph nodes', 'Y'),
(100667, 'Loss of appetite', 'N'),
(100668, 'Back pain', 'N'),
(100669, 'Chills', 'Y'),
(100670, 'Chills', 'Y'),
(100671, 'Fatigue', 'N'),
(100672, 'Hoarseness', 'Y'),
(100673, 'Persistent cough', 'N'),
(100674, 'Chest pain', 'Y'),
(100675, 'Weight loss', 'Y'),
(100676, 'Shortness of breath', 'N'),
(100677, 'Fever', 'N'),
(100678, 'Fever', 'Y'),
(100679, 'Fever', 'N'),
(100680, 'Abdominal pain', 'Y'),
(100681, 'Joint pain', 'Y'),
(100682, 'Night sweats', 'N'),
(100683, 'Swelling in lymph nodes', 'N'),
(100684, 'Fatigue', 'Y'),
(100685, 'Chills', 'Y'),
(100686, 'Fever', 'N'),
(100687, 'Hoarseness', 'Y'),
(100688, 'Weight loss', 'N'),
(100689, 'Persistent cough', 'Y'),
(100690, 'Shortness of breath', 'N'),
(100691, 'Back pain', 'Y'),
(100692, 'Loss of appetite', 'Y'),
(100693, 'Joint pain', 'N'),
(100694, 'Night sweats', 'Y'),
(100695, 'Hemoptysis', 'N'),
(100696, 'Chills', 'Y'),
(100697, 'Abdominal pain', 'N'),
(100698, 'Fever', 'N');

-- MEDICALCENTER
INSERT INTO medicalcenter (medicalcenterID, name, located_at_barangay, landline_no, mobile_no, email) 
VALUES
(101, 'Sunrise Medical Center', 1001, '0261001234', '09171122345', 'sunrise_center@gmail.com'),
(102, 'Navarro Health and Wellness', 1003, '0263001234', '09173344556', 'navarro_wellness@gmail.com'),
(103, 'Prinza Care Center', 1005, '0265001234', '09175566778', 'prinza_care@gmail.com'),
(104, 'Sampalucan Medical Pavilion', 1006, '0266001234', '09176677889', 'sampalucan_pavilion@gmail.com'),
(105, 'Alingaro Medical Point', 1008, '0268001234', '09178899001', 'alingaro_medical@gmail.com'),
(106, 'Camachile II Health and Wellness', 1010, '0261012345', '09180111223', 'camachile_wellness@gmail.com');

-- REF_TEST_TYPE
INSERT INTO ref_test_type (test_typeID, test_type) VALUES
(30, 'Chest X-ray'),
(31, 'TB Skin Test'),
(32, 'TB Blood Test'),
(33, 'Xpert MTB/RIF'),
(34, 'Sputum Smear Microscopy'),
(35, 'Culture'),
(36, 'Drug Susceptibility Testing');

-- LABRESULT
INSERT INTO labresult (resultID, healthassessmentID, medicalcenterID, test_type, test_date, test_result, comments)
VALUES
(17111, 100609, 102, 30, '2023-06-15', 'indeterminate', 'further testing required'),
(17112, 100605, 105, 34, '2023-08-22', 'indeterminate', 'further testing required'),
(17113, 100603, 103, 34, '2023-11-11', 'positive', 'proceed with needed intervention'),
(17114, 100599, 106, 36, '2023-09-04', 'indeterminate', 'further testing required'),
(17115, 100597, 101, 33, '2023-12-18', 'positive', 'proceed with needed intervention'),
(17116, 100593, 103, 34, '2023-07-09', 'indeterminate', 'further testing required'),
(17117, 100591, 104, 34, '2023-06-27', 'indeterminate', 'further testing required'),
(17118, 100588, 101, 30, '2024-02-13', 'negative', 'nothing further'),
(17119, 100585, 106, 36, '2024-04-02', 'indeterminate', 'further testing required'),
(17120, 100582, 105, 34, '2023-10-30', 'positive', 'proceed with needed intervention'),
(17121, 100579, 104, 33, '2023-12-05', 'negative', 'nothing further'),
(17122, 100576, 102, 34, '2023-09-21', 'negative', 'nothing further'),
(17123, 100573, 101, 34, '2024-07-11', 'positive', 'proceed with needed intervention'),
(17124, 100569, 106, 33, '2023-08-05', 'negative', 'further testing required'),
(17125, 100567, 103, 32, '2024-03-18', 'positive', 'proceed with needed intervention'),
(17126, 100564, 102, 30, '2024-05-23', 'indeterminate', 'further testing required'),
(17127, 100561, 105, 34, '2023-10-17', 'negative', 'nothing further'),
(17128, 100558, 104, 36, '2023-11-29', 'negative', 'nothing further'),
(17129, 100555, 101, 30, '2024-06-09', 'negative', 'nothing further'),
(17130, 100551, 106, 34, '2024-02-25', 'negative', 'nothing further'),
(17131, 100549, 103, 30, '2024-08-07', 'indeterminate', 'further testing required'),
(17132, 100546, 105, 33, '2023-09-14', 'negative', 'nothing further'),
(17133, 100543, 102, 36, '2024-01-12', 'negative', 'nothing further'),
(17134, 100539, 101, 33, '2023-07-20', 'positive', 'proceed with needed intervention'),
(17135, 100537, 106, 30, '2024-06-03', 'positive', 'proceed with needed intervention'),
(17136, 100534, 103, 30, '2023-12-01', 'indeterminate', 'further testing required'),
(17137, 100531, 104, 30, '2024-03-12', 'negative', 'nothing further'),
(17138, 100528, 105, 32, '2023-10-25', 'indeterminate', 'further testing required'),
(17139, 100523, 106, 34, '2024-08-17', 'negative', 'nothing further'),
(17140, 100522, 102, 36, '2024-04-30', 'indeterminate', 'further testing required'),
(17141, 100611, 101, 36, '2024-07-22', 'positive', 'proceed with needed intervention'),
(17142, 100608, 104, 30, '2023-09-02', 'indeterminate', 'further testing required'),
(17143, 100604, 106, 36, '2024-05-06', 'negative', 'nothing further'),
(17144, 100602, 103, 32, '2023-11-23', 'indeterminate', 'further testing required'),
(17145, 100598, 102, 32, '2024-01-05', 'indeterminate', 'further testing required'),
(17146, 100596, 105, 36, '2024-10-01', 'positive', 'proceed with needed intervention'),
(17147, 100592, 104, 34, '2023-07-12', 'negative', 'nothing further'),
(17148, 100590, 101, 33, '2024-03-06', 'negative', 'nothing further'),
(17149, 100587, 106, 34, '2023-12-15', 'indeterminate', 'further testing required'),
(17150, 100584, 103, 32, '2024-04-27', 'negative', 'nothing further'),
(17151, 100581, 105, 34, '2023-08-29', 'negative', 'nothing further'),
(17152, 100578, 102, 33, '2024-06-19', 'indeterminate', 'further testing required'),
(17153, 100575, 106, 32, '2023-11-08', 'negative', 'nothing further'),
(17154, 100572, 104, 36, '2024-02-01', 'indeterminate', 'further testing required'),
(17155, 100568, 101, 34, '2024-05-09', 'indeterminate', 'further testing required'),
(17156, 100566, 105, 34, '2024-01-28', 'positive', 'proceed with needed intervention'),
(17157, 100563, 103, 32, '2023-10-09', 'indeterminate', 'further testing required'),
(17158, 100560, 106, 34, '2023-12-20', 'negative', 'nothing further'),
(17159, 100557, 102, 36, '2024-07-06', 'indeterminate', 'further testing required'),
(17160, 100554, 104, 30, '2024-03-23', 'positive', 'proceed with needed intervention'),
(17161, 100550, 106, 34, '2023-06-15', 'negative', 'nothing further'),
(17162, 100548, 103, 34, '2023-08-02', 'negative', 'nothing further'),
(17163, 100545, 103, 32, '2023-11-10', 'negative', 'nothing further'),
(17164, 100542, 104, 32, '2024-01-25', 'negative', 'nothing further'),
(17165, 100538, 106, 30, '2024-04-19', 'negative', 'nothing further'),
(17166, 100536, 103, 34, '2024-06-30', 'negative', 'nothing further'),
(17167, 100533, 101, 30, '2024-08-14', 'negative', 'nothing further'),
(17168, 100530, 106, 32, '2024-09-03', 'negative', 'nothing further'),
(17169, 100527, 104, 36, '2024-10-22', 'negative', 'nothing further');

-- PATIENT
INSERT INTO patient (patientID, lastname, firstname, middlename, birthday, sex, is_bcg_vaccinated, addressID, closecontactcaseID)
VALUES
(100001, 'Abad', 'Maria', 'Santos', '2019-12-03', 'F', 'Y', '1001', NULL),
(100002, 'Alvarado', 'Paola', 'Mendoza', '2016-09-14', 'F', 'N', '1002', NULL),
(100003, 'Aquino', 'Juan', 'Reyes', '2017-07-26', 'M', 'Y', '1003', NULL),
(100004, 'Bacay', 'Timothy', 'Morales', '2012-07-28', 'M', 'N', '1004', NULL),
(100005, 'Bautista', 'Ana', 'Mendoza', '2016-02-02', 'F', 'Y', '1005', NULL),
(100006, 'Bayani', 'Hannah', 'Cruz', '2020-09-13', 'F', 'Y', '1006', NULL),
(100007, 'Belmonte', 'Jose', 'Villanueva', '2009-11-12', 'M', 'N', '1007', NULL),
(100008, 'Cabrera', 'Kristina', 'Dela Cruz', '2013-12-22', 'F', 'N', '1008', NULL),
(100009, 'Cañete', 'Gabriel', 'Torres', '2017-04-06', 'M', 'Y', '1009', NULL),
(100010, 'Cordero', 'Carlos', 'Garcia', '2019-09-21', 'M', 'N', '1010', NULL),
(100011, 'Cruz', 'Sofia', 'Tan', '2009-08-16', 'F', 'Y', '1011', NULL),
(100012, 'Del Rosario', 'Patricia', 'Aquino', '2013-01-06', 'F', 'N', '1012', NULL),
(100013, 'Dela Cruz', 'Mark', 'Cruz', '2010-10-03', 'M', 'Y', '1013', NULL),
(100014, 'Dimaculangan', 'David', 'Bautista', '2012-11-10', 'M', 'Y', '1014', NULL),
(100015, 'Diokno', 'Simone', 'Ramos', '2009-05-30', 'F', 'N', '1015', NULL),
(100016, 'Espinoza', 'Nina', 'Panganiban', '2013-09-07', 'F', 'N', '1016', NULL),
(100017, 'Espiritu', 'Raul', 'Villarreal', '2020-05-24', 'M', 'Y', '1017', NULL),
(100018, 'Fernandez', 'Michael', 'Del Rosario', '2012-03-05', 'M', 'Y', '1018', NULL),
(100019, 'Ferrer', 'Monica', 'Dizon', '2011-08-12', 'F', 'N', '1019', NULL),
(100020, 'Garcia', 'Cynthia', 'Ramos', '2020-02-18', 'F', 'Y', '1020', NULL),
(100021, 'Geronimo', 'Ricardo', 'Fernandez', '2008-06-18', 'M', 'N', '1021', NULL),
(100022, 'Gozon', 'Alma', 'Reyes', '2018-12-13', 'F', 'Y', '1022', NULL),
(100023, 'Hilario', 'Rafael', 'Aquino', '2015-07-09', 'M', 'Y', '1023', NULL),
(100024, 'Ibanez', 'Bernard', 'Lopez', '2008-10-04', 'M', 'N', '1024', NULL),
(100025, 'Jimenez', 'Luis', 'Tan', '2007-11-15', 'M', 'Y', '1025', NULL),
(100026, 'Joaquin', 'Isabelita', 'Manlapig', '2019-02-05', 'F', 'N', '1026', NULL),
(100027, 'Ledesma', 'Janelle', 'Ledesma', '2015-11-25', 'F', 'Y', '1027', NULL),
(100028, 'Lopez', 'Rafael', 'Cabrera', '2011-03-15', 'M', 'Y', '1028', NULL),
(100029, 'Manlapig', 'Jessica', 'Alvarado', '2007-05-22', 'F', 'N', '1029', NULL),
(100030, 'Mendoza', 'Christopher', 'Santos', '2018-09-04', 'M', 'Y', '1030', NULL),
(100031, 'Mercado', 'Pedro', 'Moreno', '2018-06-17', 'M', 'N', '1031', NULL),
(100032, 'Morales', 'Bianca', 'Pascual', '2014-06-30', 'F', 'N', '1032', NULL),
(100033, 'Navarro', 'Eduardo', 'Martinez', '2017-11-02', 'M', 'Y', '1033', NULL),
(100034, 'Ocampo', 'Clarisse', 'Villanueva', '2009-01-23', 'F', 'N', '1034', NULL),
(100035, 'Panganiban', 'Oliver', 'Cruz', '2010-02-21', 'M', 'Y', '1035', NULL),
(100036, 'Pascual', 'Veronica', 'Ramirez', '2012-01-06', 'F', 'N', '1036', NULL),
(100037, 'Pimentel', 'Samantha', 'Villar', '2018-02-22', 'F', 'Y', '1037', NULL),
(100038, 'Quintero', 'Luis', 'Cuenca', '2021-04-09', 'M', 'Y', '1038', NULL),
(100039, 'Razon', 'Kimberly', 'Velasco', '2013-05-15', 'F', 'N', '1039', NULL),
(100040, 'Reyes', 'Alexander', 'Mendoza', '2016-05-21', 'M', 'N', '1040', NULL),
(100041, 'Salazar', 'Jacqueline', 'Santos', '2011-12-20', 'F', 'Y', '1041', NULL),
(100042, 'Santos', 'Jorge', 'Zamora', '2015-03-12', 'M', 'Y', '1042', NULL),
(100043, 'Sarmiento', 'Lourdes', 'Valdez', '2021-01-30', 'F', 'N', '1043', NULL),
(100044, 'Serrano', 'Fernando', 'Garcia', '2012-09-23', 'M', 'Y', '1044', NULL),
(100045, 'Tan', 'Eleanor', 'Sarmiento', '2017-01-19', 'F', 'N', '1045', NULL),
(100046, 'Tanjuatco', 'Andres', 'Vargas', '2008-02-10', 'M', 'Y', '1046', NULL),
(100047, 'Villanueva', 'Antonio', 'Flores', '2010-06-06', 'M', 'N', '1047', NULL),
(100048, 'Villarreal', 'Carmen', 'Castillo', '2007-09-30', 'F', 'Y', '1048', NULL),
(100049, 'Yulo', 'Maria', 'Lopez', '2014-11-18', 'F', 'N', '1049', NULL),
(100050, 'Zamora', 'Dante', 'Salazar', '2013-06-01', 'M', 'Y', '1050', NULL),
(100051, 'Fernandez', 'Miguel', 'Dela Cruz', '2015-06-15', 'M', 'Y', '1051', 300002),
(100052, 'Ramos', 'Felipe', 'Morales', '2020-12-25', 'M', 'N', '1052', 300004),
(100053, 'Bautista', 'Julia', 'Torres', '2013-10-09', 'F', 'Y', '1053', 300006),
(100054, 'Morales', 'Hugo', 'Santos', '2018-04-20', 'M', 'Y', '1054', 300011),
(100055, 'Santos', 'Victoria', 'Mercado', '2021-08-18', 'F', 'N', '1055', 300014),
(100056, 'Ramos', 'Benito', 'Alvarado', '2017-03-22', 'M', 'Y', '1056', 300017),
(100057, 'Reyes', 'Mateo', 'Cruz', '2016-11-29', 'M', 'N', '1057', 300020),
(100058, 'Lopez', 'Sandra', 'Villanueva', '2014-03-03', 'F', 'Y', '1058', 300022),
(100059, 'Zamora', 'Luke', 'Reyes', '2018-08-08', 'M', 'N', '1059', 300025);

-- PHYSICIAN
INSERT INTO physician (physician_prc_id, lastName, firstName, middleName, barangay_assignedto) VALUES
(1001001, 'Cruz', 'Juan', 'Dela', 1001),
(1001002, 'Santos', 'Maria', 'Reyes', 1001),
(1001003, 'Garcia', 'Pedro', 'Sarmiento', 1001),
(1002001, 'Dasig', 'Lianne', 'Maraggay', 1002),
(1002002, 'Mortega', 'Jansen', 'Señora', 1002),
(1002003, 'Lopez', 'Ana', 'Mendoza', 1002),
(1003001, 'Rivera', 'Erika', 'Aquino', 1003),
(1003002, 'Villanueva', 'Sofia', 'Santos', 1003),
(1003003, 'Ramirez', 'Diego', 'Fernandez', 1003),
(1004001, 'Fernandez', 'Elena', 'Salazar', 1004),
(1004002, 'Morales', 'Alberto', 'Guevarra', 1004),
(1004003, 'Lim', 'Cynthia', 'Sy', 1004),
(1005001, 'Tan', 'Carlo', 'Yu', 1005),
(1005002, 'Navarro', 'Regina', 'Tamayo', 1005),
(1005003, 'Gutierrez', 'Miguel', 'Trinidad', 1005),
(1006001, 'Santiago', 'Sarah', 'Cruz', 1006),
(1006002, 'Delgado', 'Marco', 'Ponce', 1006),
(1006003, 'De Leon', 'Karen', 'Valdez', 1006),
(1007001, 'Mercado', 'Paolo', 'Domingo', 1007),
(1007002, 'Chavez', 'Nicole', 'Dizon', 1007),
(1007003, 'Reyes', 'Kevin', 'Santos', 1007),
(1008001, 'Cruz', 'Angelica', 'Medina', 1008),
(1008002, 'Sanchez', 'Rafael', 'Moreno', 1008),
(1008003, 'Bautista', 'Julia', 'Tiu', 1008),
(1009001, 'Velasco', 'Adrian', 'Ramos', 1009),
(1009002, 'Soriano', 'Patricia', 'Delos Santos', 1009),
(1009003, 'Mendoza', 'Joshua', 'Flores', 1009),
(1010001, 'Ocampo', 'Christine', 'Mendiola', 1010),
(1010002, 'Uy', 'Gabriel', 'Ong', 1010),
(1010003, 'Villafuerte', 'Andrea', 'Lim', 1010);

-- PATIENT_CASE
INSERT INTO patient_case (patientcaseno, patientID, case_status, start_date, involved_physician, involved_bhw, end_date, toBePrescribed, diagnosis_date, finalDiagnosis, transferred_to_medical_center)
VALUES
(200008, 100008, 'Closed - Transferred', '2024-03-25', 1006003, 10033, '2024-06-30', 'F', '2024-04-06', 'DR - TB', 104),
(200017, 100017, 'On Treatment', '2024-02-16', 1008003, 10041, NULL, 'F', '2024-03-01', 'DS - TB', NULL),
(200043, 100043, 'Ongoing', '2024-07-31', 1001001, 10031, NULL, 'T', '2024-08-12', 'DR - TB', NULL),
(200058, 100058, 'Closed - Died', '2024-08-26', 1009002, 10051, '2024-09-10', 'T', '2024-09-08', 'DR - TB', NULL),
(200007, 100007, 'Ongoing', '2024-07-03', 1005002, 10091, NULL, 'T', '2024-07-16', 'DS - TB', NULL),
(200025, 100025, 'Ongoing', '2024-06-10', 1009002, 10103, NULL, 'T', '2024-06-24', 'DS - TB', NULL),
(200041, 100041, 'Cured', '2023-12-12', 1007001, 10065, '2024-08-02', 'T', '2023-12-25', 'DR - TB', NULL),
(200003, 100003, 'On Treatment', '2024-11-21', 1003001, 10011, NULL, 'F', '2024-12-05', 'DS - TB', NULL),
(200009, 100009, 'Ongoing', '2024-08-26', 1010003, 10101, NULL, 'F', '2024-09-08', 'DS - TB', NULL),
(200016, 100016, 'Closed - Died', '2024-02-06', 1004003, 10051, '2024-06-12', 'F', '2024-02-18', 'DS - TB', NULL),
(200026, 100026, 'Closed - Transferred', '2023-11-22', 1007002, 10062, '2024-01-29', 'F', '2023-12-05', 'DR - TB', 105),
(200027, 100027, 'Closed - Transferred', '2024-03-04', 1004002, 10043, '2024-07-03', 'F', '2024-03-17', 'DS - TB', 103),
(200030, 100030, 'Ongoing', '2024-04-12', 1002003, 10071, NULL, 'T', '2024-04-23', 'DS - TB', NULL),
(200044, 100044, 'Ongoing', '2024-02-04', 1009003, 10085, NULL, 'T', '2024-02-17', 'DR - TB', NULL),
(200045, 100045, 'Ongoing', '2024-10-19', 1001003, 10095, NULL, 'F', '2024-11-04', 'DS - TB', NULL),
(200047, 100047, 'Closed - Lost to Followup', '2023-06-19', 1007003, 10055, '2024-08-09', 'T', '2023-07-03', 'DR - TB', NULL),
(200051, 100051, 'Ongoing', '2024-06-20', 1007002, 10044, NULL, 'T', '2024-07-05', 'DR - TB', NULL),
(200002, 100002, 'Ongoing', '2024-07-01', 1008001, 10035, NULL, 'F', '2024-07-13', 'DR - TB', NULL),
(200014, 100014, 'Ongoing', '2024-08-07', 1003001, 10065, NULL, 'T', '2024-08-19', 'DS - TB', NULL),
(200022, 100022, 'Closed - Lost to Followup', '2023-08-18', 1003001, 10072, '2024-01-19', 'T', '2023-09-03', 'DR - TB', NULL),
(200024, 100024, 'Closed - Transferred', '2023-06-04', 1004002, 10025, '2024-08-02', 'F', '2023-06-19', 'DS - TB', 106),
(200029, 100029, 'Ongoing', '2024-08-03', 1007001, 10094, NULL, 'F', '2024-08-16', 'DR - TB', NULL),
(200032, 100032, 'Cured', '2024-02-27', 1008001, 10025, '2024-10-10', 'T', '2024-03-10', 'DR - TB', NULL),
(200033, 100033, 'Closed - Transferred', '2023-11-04', 1009003, 10023, '2024-04-21', 'F', '2023-11-16', 'DR - TB', 103),
(200038, 100038, 'Ongoing', '2024-07-25', 1006001, 10031, NULL, 'T', '2024-08-06', 'DR - TB', NULL),
(200048, 100048, 'On Treatment', '2024-12-07', 1004001, 10015, NULL, 'T', '2024-12-19', 'DS - TB', NULL),
(200049, 100049, 'Cured', '2024-04-28', 1002002, 10014, '2024-11-17', 'T', '2024-05-10', 'DS - TB', NULL),
(200054, 100054, 'Closed - Died', '2023-10-31', 1001003, 10083, '2024-04-23', 'T', '2023-11-13', 'DR - TB', NULL),
(200011, 100011, 'Cured', '2023-07-11', 1001001, 10045, '2024-04-05', 'F', '2023-07-24', 'DS - TB', NULL),
(200018, 100018, 'Cured', '2023-08-13', 1010002, 10054, '2024-05-24', 'T', '2023-08-28', 'DS - TB', NULL),
(200020, 100020, 'Ongoing', '2024-11-14', 1005001, 10053, NULL, 'T', '2024-11-28', 'DR - TB', NULL),
(200035, 100035, 'Ongoing', '2024-06-27', 1003002, 10104, NULL, 'T', '2024-03-28', 'DR - TB', NULL),
(200039, 100039, 'Closed - Transferred', '2024-04-22', 1005002, 10082, '2024-08-16', 'F', '2024-05-05', 'DR - TB', 102),
(200040, 100040, 'Cured', '2024-03-12', 1006001, 10024, '2024-09-08', 'T', '2024-03-21', 'DS - TB', NULL),
(200053, 100053, 'Ongoing', '2024-07-08', 1003003, 10073, NULL, 'T', '2024-07-27', 'DR - TB', NULL),
(200059, 100059, 'Ongoing', '2024-05-30', 1002001, 10092, NULL, 'T', '2024-06-14', 'DR - TB', NULL),
(200001, 100001, 'Cured', '2023-07-27', 1003003, 10075, '2024-04-04', 'F', '2023-08-09', 'DR - TB', NULL),
(200004, 100004, 'Cured', '2023-09-06', 1003002, 10061, '2024-05-25', 'F', '2023-09-18', 'DS - TB', NULL),
(200005, 100005, 'On Treatment', '2024-04-18', 1010001, 10021, NULL, 'T', '2024-05-02', 'DS - TB', NULL),
(200006, 100006, 'Cured', '2023-10-14', 1005003, 10052, '2024-07-12', 'T', '2023-10-22', 'DS - TB', NULL),
(200010, 100010, 'Ongoing', '2024-03-10', 1008002, 10102, NULL, 'T', '2024-03-22', 'DS - TB', NULL),
(200012, 100012, 'Closed - Transferred', '2024-05-15', 1002003, 10022, '2024-06-11', 'F', '2024-05-29', 'DR - TB', 105),
(200013, 100013, 'On Treatment', '2024-11-01', 1001001, 10014, NULL, 'T', '2024-11-14', 'DR - TB', NULL),
(200015, 100015, 'Closed - Transferred', '2024-04-30', 1001002, 10032, '2024-05-22', 'F', '2024-05-14', 'DS - TB', 102),
(200019, 100019, 'Cured', '2024-01-16', 1008003, 10092, '2024-10-01', 'T', '2024-01-29', 'DS - TB', NULL),
(200021, 100021, 'Closed - Transferred', '2024-01-24', 1002001, 10013, '2024-04-27', 'F', '2024-02-06', 'DR - TB', 101),
(200023, 100023, 'On Treatment', '2024-10-11', 1010001, 10081, NULL, 'T', '2024-10-27', 'DS - TB', NULL),
(200028, 100028, 'Ongoing', '2024-12-07', 1006001, 10063, NULL, 'T', '2024-12-24', 'DS - TB', NULL),
(200031, 100031, 'Closed - Lost to Followup', '2024-05-26', 1005001, 10012, '2024-07-14', 'T', '2024-06-08', 'DR - TB', NULL),
(200034, 100034, 'On Treatment', '2024-12-28', 1007002, 10074, NULL, 'T', '2024-01-10', 'DR - TB', NULL),
(200036, 100036, 'Closed - Died', '2023-10-09', 1009002, 10034, '2024-05-04', 'T', '2023-10-22', 'DS - TB', NULL),
(200037, 100037, 'Closed - Transferred', '2023-09-30', 1008002, 10093, '2024-04-17', 'F', '2023-10-14', 'DR - TB', 105),
(200042, 100042, 'Ongoing', '2024-02-19', 1004002, 10064, NULL, 'T', '2024-03-02', 'DS - TB', NULL),
(200046, 100046, 'On Treatment', '2024-11-29', 1006002, 10071, NULL, 'T', '2024-12-11', 'DS - TB', NULL),
(200050, 100050, 'Ongoing', '2024-09-13', 1002003, 10084, NULL, 'F', '2024-09-27', 'DR - TB', NULL),
(200052, 100052, 'Cured', '2023-08-24', 1009001, 10044, '2024-05-18', 'T', '2023-09-06', 'DS - TB', NULL),
(200055, 100055, 'Ongoing', '2024-09-20', 1007003, 10105, NULL, 'T', '2024-10-06', 'DS - TB', NULL),
(200056, 100056, 'Ongoing', '2024-07-01', 1004003, 10042, NULL, 'T', '2024-07-17', 'DS - TB', NULL),
(200057, 100057, 'Ongoing', '2024-06-07', 1001002, 10081, NULL, 'F', '2024-06-20', 'DR - TB', NULL);

-- REF_COMORBIDITIES
INSERT INTO ref_comorbidity (comorbidityID, comorbidity) VALUES
(1, 'Asthma'),
(2, 'Diabetes Mellitus - Type 2'),
(3, 'Diabetes Mellitus - Type 1'),
(4, 'HIV/AIDs'),
(5, 'Iron Deficiency Anemia'),
(6, 'Malnutrition'),
(7, 'Vitamin D Deficiency'),
(8, 'Bronchitis'),
(9, 'Bronchiolitis'),
(10, 'Pneumonia');

-- PATIENT_COMORBIDITY
INSERT INTO patient_comorbidity (patientID, comorbidityID)
VALUES
(100002, 5),
(100002, 6),
(100003, 6),
(100003, 7),
(100005, 2),
(100006, 8),
(100008, 7),
(100009, 8),
(100011, 6),
(100011, 7),
(100013, 4),
(100014, 1),
(100014, 9),
(100017, 5),
(100018, 10),
(100020, 1),
(100020, 8),
(100022, 2),
(100026, 10),
(100027, 3),
(100028, 1),
(100028, 8),
(100030, 9),
(100031, 7),
(100032, 10),
(100033, 6),
(100033, 7),
(100035, 1),
(100036, 7),
(100037, 9),
(100038, 1),
(100038, 8),
(100040, 9),
(100042, 3),
(100043, 4),
(100045, 5),
(100046, 8),
(100046, 10),
(100047, 2),
(100048, 9),
(100048, 10),
(100049, 7),
(100050, 3);

-- PATIENT_GUARDIAN
INSERT INTO patient_guardian(patientID, guardianID)
VALUES
(100001, 200001),
(100002, 200002),
(100002, 200003),
(100003, 200004),
(100003, 200005),
(100004, 200006),
(100004, 200007),
(100005, 200008),
(100006, 200009),
(100007, 200010),
(100008, 200011),
(100009, 200012),
(100009, 200013),
(100010, 200014),
(100010, 200015),
(100011, 200016),
(100012, 200017),
(100013, 200018),
(100014, 200019),
(100014, 200020),
(100015, 200021),
(100015, 200022),
(100016, 200023),
(100017, 200024),
(100017, 200025),
(100018, 200026),
(100018, 200027),
(100019, 200028),
(100020, 200029),
(100021, 200030),
(100021, 200031),
(100022, 200032),
(100023, 200033),
(100024, 200034),
(100024, 200035),
(100025, 200036),
(100026, 200037),
(100026, 200038),
(100027, 200039),
(100028, 200040),
(100028, 200041),
(100029, 200042),
(100029, 200043),
(100030, 200044),
(100030, 200045),
(100031, 200046),
(100032, 200047),
(100032, 200048),
(100033, 200049),
(100034, 200050),
(100034, 200051),
(100035, 200052),
(100036, 200053),
(100036, 200054),
(100037, 200055),
(100038, 200056),
(100038, 200057),
(100039, 200058),
(100040, 200059),
(100041, 200060),
(100041, 200061),
(100042, 200062),
(100043, 200063),
(100044, 200064),
(100045, 200065),
(100046, 200066),
(100046, 200067),
(100047, 200068),
(100047, 200069),
(100048, 200070),
(100049, 200071),
(100049, 200072),
(100050, 200073),
(100050, 200074),
(100051, 200076),
(100052, 200078),
(100053, 200080),
(100054, 200085),
(100055, 200088),
(100056, 200091),
(100057, 200094),
(100058, 200096),
(100059, 200099);

-- PC_CLOSECONTACT
INSERT INTO pc_closecontact (patientcaseno, closecontactID, relationshipToPatient)
VALUES
(200001, 300001, 'Classmate'),
(200002, 300002, 'Classmate'),
(200003, 300003, 'Cousin'),
(200004, 300004, 'Cousin'),
(200005, 300005, 'Classmate'),
(200006, 300006, 'Classmate'),
(200007, 300007, 'Classmate'),
(200008, 300008, 'Cousin'),
(200009, 300009, 'Classmate'),
(200010, 300010, 'Cousin'),
(200011, 300011, 'Cousin'),
(200012, 300012, 'Cousin'),
(200013, 300013, 'Classmate'),
(200014, 300014, 'Classmate'),
(200015, 300015, 'Cousin'),
(200016, 300016, 'Classmate'),
(200017, 300017, 'Classmate'),
(200018, 300018, 'Cousin'),
(200019, 300019, 'Classmate'),
(200020, 300020, 'Classmate'),
(200021, 300021, 'Classmate'),
(200022, 300022, 'Classmate'),
(200023, 300023, 'Cousin'),
(200024, 300024, 'Classmate'),
(200025, 300025, 'Cousin');

-- PC_HEALTHASSESSMENT 
INSERT INTO pc_healthassessment (patientcaseno, healthassessmentID, needs_prescription)
VALUES
(200001, 100610, 'N'),
(200001, 100579, 'Y'),
(200001, 100520, 'Y'),
(200002, 100611, 'Y'),
(200002, 100580, 'Y'),
(200002, 100521, 'Y'),
(200003, 100612, 'Y'),
(200003, 100581, 'Y'),
(200003, 100522, 'Y'),
(200004, 100613, 'N'),
(200004, 100582, 'Y'),
(200004, 100523, 'Y'),
(200005, 100614, 'Y'),
(200005, 100583, 'Y'),
(200005, 100524, 'Y'),
(200006, 100615, 'N'),
(200006, 100584, 'Y'),
(200006, 100525, 'Y'),
(200007, 100616, 'Y'),
(200007, 100585, 'Y'),
(200007, 100526, 'Y'),
(200008, 100617, 'N'),
(200008, 100586, 'Y'),
(200008, 100527, 'Y'),
(200009, 100618, 'Y'),
(200009, 100587, 'Y'),
(200009, 100528, 'Y'),
(200010, 100619, 'N'),
(200010, 100588, 'Y'),
(200010, 100529, 'Y'),
(200011, 100620, 'Y'),
(200011, 100589, 'Y'),
(200011, 100530, 'Y'),
(200012, 100621, 'N'),
(200012, 100590, 'Y'),
(200012, 100531, 'Y'),
(200013, 100622, 'Y'),
(200013, 100591, 'Y'),
(200013, 100532, 'Y'),
(200014, 100623, 'N'),
(200014, 100592, 'Y'),
(200014, 100533, 'Y'),
(200015, 100624, 'Y'),
(200015, 100593, 'Y'),
(200015, 100534, 'Y'),
(200016, 100625, 'N'),
(200016, 100594, 'Y'),
(200016, 100535, 'Y'),
(200017, 100626, 'Y'),
(200017, 100595, 'Y'),
(200017, 100536, 'Y'),
(200018, 100627, 'N'),
(200018, 100596, 'Y'),
(200018, 100537, 'Y'),
(200019, 100628, 'Y'),
(200019, 100597, 'Y'),
(200019, 100538, 'Y'),
(200020, 100629, 'N'),
(200020, 100598, 'Y'),
(200020, 100539, 'Y'),
(200021, 100630, 'Y'),
(200021, 100599, 'Y'),
(200021, 100540, 'Y'),
(200022, 100631, 'N'),
(200022, 100600, 'N'),
(200022, 100541, 'Y'),
(200023, 100632, 'Y'),
(200023, 100601, 'Y'),
(200023, 100542, 'Y'),
(200024, 100633, 'N'),
(200024, 100602, 'N'),
(200024, 100543, 'Y'),
(200025, 100634, 'Y'),
(200025, 100603, 'Y'),
(200025, 100544, 'Y'),
(200026, 100635, 'N'),
(200026, 100604, 'N'),
(200026, 100545, 'Y'),
(200027, 100636, 'Y'),
(200027, 100605, 'Y'),
(200027, 100546, 'Y'),
(200028, 100637, 'N'),
(200028, 100606, 'N'),
(200028, 100547, 'Y'),
(200029, 100638, 'Y'),
(200029, 100607, 'Y'),
(200029, 100548, 'Y'),
(200030, 100639, 'N'),
(200030, 100608, 'N'),
(200030, 100549, 'Y'),
(200031, 100609, 'Y'),
(200031, 100550, 'Y'),
(200032, 100551, 'Y'),
(200033, 100552, 'Y'),
(200034, 100553, 'Y'),
(200035, 100554, 'Y'),
(200036, 100555, 'Y'),
(200037, 100556, 'Y'),
(200038, 100557, 'Y'),
(200039, 100558, 'Y'),
(200040, 100559, 'Y'),
(200041, 100560, 'Y'),
(200042, 100561, 'Y'),
(200043, 100562, 'Y'),
(200044, 100563, 'Y'),
(200045, 100564, 'Y'),
(200046, 100565, 'Y'),
(200047, 100566, 'Y'),
(200048, 100567, 'Y'),
(200049, 100568, 'Y'),
(200050, 100569, 'Y'),
(200051, 100570, 'Y'),
(200052, 100571, 'Y'),
(200053, 100572, 'Y'),
(200054, 100573, 'Y'),
(200055, 100574, 'Y'),
(200056, 100575, 'Y'),
(200057, 100576, 'Y'),
(200058, 100577, 'Y'),
(200059, 100578, 'Y');

-- REF_MEDICINE
INSERT INTO ref_medicine (generic_name, medicine_desc) VALUES
('Isoniazid', 'First-line antibiotic for Drug-Susceptible TB; inhibits mycolic acid synthesis in Mycobacterium.'),
('Rifampin', 'First-line antibiotic; blocks bacterial RNA synthesis.'),
('Pyrazinamide', 'First-line antibiotic; disrupts mycobacterial cell membrane metabolism and transport functions.'),
('Ethambutol', 'First-line antibiotic; inhibits arabinosyl transferase, impairing cell wall synthesis.'),
('Streptomycin', 'Second-line injectable aminoglycoside; inhibits bacterial protein synthesis.'),
('Bedaquiline', 'Treatment for Drug-Resistant TB; targets mycobacterial ATP synthase.'),
('Delamanid', 'Treatment for Drug-Resistant TB; inhibits mycolic acid biosynthesis.'),
('Levofloxacin', 'Fluoroquinolone used in Drug-Resistant TB; inhibits bacterial DNA gyrase.'),
('Moxifloxacin', 'Fluoroquinolone used for Drug-Resistant TB; targets bacterial DNA replication.'),
('Amikacin', 'Injectable aminoglycoside for Drug-Resistant TB; inhibits bacterial protein synthesis.'),
('Kanamycin', 'Injectable aminoglycoside for Drug-Resistant TB; disrupts bacterial protein synthesis.'),
('Capreomycin', 'Injectable polypeptide antibiotic for Drug-Resistant TB; inhibits bacterial protein synthesis.'),
('Linezolid', 'Oxazolidinone used for Drug-Resistant TB; inhibits bacterial protein synthesis.'),
('Clofazimine', 'Antibiotic for Drug-Resistant TB; disrupts mycobacterial membrane integrity.'),
('Cycloserine', 'Second-line antibiotic; interferes with bacterial cell wall synthesis.'),
('Ethionamide', 'Second-line antibiotic; inhibits mycolic acid synthesis in Drug-Resistant TB.'),
('Para-aminosalicylic acid', 'Second-line antibiotic; inhibits folic acid synthesis in Mycobacterium.'),
('Pretomanid', 'New TB treatment; inhibits mycobacterial cell wall synthesis and induces nitric oxide release.'),
('Prothionamide', 'Similar to Ethionamide; disrupts mycobacterial cell wall synthesis.');

-- PRESCRIPTION
INSERT INTO prescription (prescription_serialno, caseno, date_given)
VALUES
('RX2000000002', 200001, '2023-06-20'),
('RX2000000029', 200001, '2024-01-10'),
('RX2000000001', 200002, '2023-06-19'),
('RX2000000065', 200002, '2024-10-07'),
('RX2000000091', 200002, '2024-11-01'),
('RX2000000007', 200003, '2023-08-06'),
('RX2000000009', 200003, '2023-08-28'),
('RX2000000063', 200003, '2024-10-06'),
('RX2000000021', 200004, '2023-11-16'),
('RX2000000092', 200004, '2024-11-02'),
('RX2000000005', 200005, '2023-07-16'),
('RX2000000012', 200005, '2023-09-08'),
('RX2000000020', 200005, '2023-11-14'),
('RX2000000027', 200006, '2023-12-24'),
('RX2000000093', 200006, '2024-11-03'),
('RX2000000031', 200007, '2024-01-29'),
('RX2000000036', 200007, '2024-03-10'),
('RX2000000066', 200007, '2024-10-08'),
('RX2000000067', 200008, '2024-10-09'),
('RX2000000094', 200008, '2024-11-04'),
('RX2000000004', 200009, '2023-07-13'),
('RX2000000026', 200009, '2023-12-19'),
('RX2000000041', 200009, '2024-04-23'),
('RX2000000003', 200010, '2023-07-03'),
('RX2000000095', 200010, '2024-11-05'),
('RX2000000042', 200011, '2024-05-02'),
('RX2000000050', 200011, '2024-07-05'),
('RX2000000068', 200011, '2024-10-10'),
('RX2000000034', 200012, '2024-02-18'),
('RX2000000096', 200012, '2024-11-06'),
('RX2000000010', 200013, '2023-09-03'),
('RX2000000040', 200013, '2024-04-06'),
('RX2000000055', 200013, '2024-08-19'),
('RX2000000069', 200014, '2024-10-11'),
('RX2000000097', 200014, '2024-11-07'),
('RX2000000018', 200015, '2023-11-04'),
('RX2000000049', 200015, '2024-06-24'),
('RX2000000057', 200015, '2024-09-08'),
('RX2000000025', 200016, '2023-12-11'),
('RX2000000098', 200016, '2024-11-08'),
('RX2000000019', 200017, '2023-11-13'),
('RX2000000070', 200017, '2024-10-12'),
('RX2000000085', 200017, '2024-10-27'),
('RX2000000014', 200018, '2023-09-27'),
('RX2000000099', 200018, '2024-11-09'),
('RX2000000033', 200019, '2024-02-06'),
('RX2000000052', 200019, '2024-07-17'),
('RX2000000058', 200019, '2024-10-01'),
('RX2000000008', 200020, '2023-08-09'),
('RX2000000100', 200020, '2024-11-10'),
('RX2000000038', 200021, '2024-03-22'),
('RX2000000045', 200021, '2024-05-14'),
('RX2000000059', 200021, '2024-10-02'),
('RX2000000071', 200022, '2024-10-13'),
('RX2000000032', 200023, '2024-02-02'),
('RX2000000046', 200023, '2024-05-29'),
('RX2000000060', 200023, '2024-10-03'),
('RX2000000072', 200024, '2024-10-14'),
('RX2000000015', 200025, '2023-10-14'),
('RX2000000061', 200025, '2024-10-04'),
('RX2000000073', 200025, '2024-10-15'),
('RX2000000074', 200026, '2024-10-16'),
('RX2000000028', 200027, '2023-12-25'),
('RX2000000062', 200027, '2024-10-05'),
('RX2000000075', 200027, '2024-10-17'),
('RX2000000016', 200028, '2023-10-22'),
('RX2000000051', 200029, '2024-07-11'),
('RX2000000064', 200029, '2024-10-06'),
('RX2000000076', 200029, '2024-10-18'),
('RX2000000077', 200030, '2024-10-19'),
('RX2000000023', 200031, '2023-12-05'),
('RX2000000039', 200031, '2024-03-28'),
('RX2000000078', 200032, '2024-10-20'),
('RX2000000079', 200033, '2024-10-21'),
('RX2000000048', 200034, '2024-06-14'),
('RX2000000035', 200035, '2024-03-01'),
('RX2000000054', 200036, '2024-08-12'),
('RX2000000013', 200037, '2023-09-18'),
('RX2000000080', 200038, '2024-10-22'),
('RX2000000030', 200039, '2024-01-17'),
('RX2000000006', 200040, '2023-07-24'),
('RX2000000081', 200041, '2024-10-23'),
('RX2000000047', 200042, '2024-06-08'),
('RX2000000082', 200043, '2024-10-24'),
('RX2000000083', 200044, '2024-10-25'),
('RX2000000084', 200045, '2024-10-26'),
('RX2000000024', 200046, '2023-12-05'),
('RX2000000086', 200047, '2024-10-27'),
('RX2000000087', 200048, '2024-10-28'),
('RX2000000088', 200049, '2024-10-29'),
('RX2000000037', 200050, '2024-03-17'),
('RX2000000017', 200051, '2023-10-29'),
('RX2000000056', 200052, '2024-08-22'),
('RX2000000043', 200053, '2024-05-05'),
('RX2000000089', 200054, '2024-10-30'),
('RX2000000053', 200055, '2024-07-27'),
('RX2000000011', 200056, '2023-09-06'),
('RX2000000044', 200057, '2024-05-10'),
('RX2000000090', 200058, '2024-10-31'),
('RX2000000022', 200059, '2023-11-28');

-- PRESCRIPTION_MEDICINE
INSERT INTO prescription_medicine (prescription_serialno, generic_name, dosage, dosefrequency_per_day, duration_days)
VALUES
('RX2000000001', 'Isoniazid', 10, 1, 4),
('RX2000000001', 'Rifampin', 15, 1, 4),
('RX2000000002', 'Pyrazinamide', 20, 1, 3),
('RX2000000002', 'Ethambutol', 15, 4, 2),
('RX2000000003', 'Levofloxacin', 10, 1, 3),
('RX2000000004', 'Bedaquiline', 5, 3, 4),
('RX2000000005', 'Kanamycin', 15, 1, 2),
('RX2000000005', 'Moxifloxacin', 7, 1, 4),
('RX2000000006', 'Streptomycin', 15, 2, 3),
('RX2000000006', 'Ethambutol', 15, 1, 2),
('RX2000000007', 'Capreomycin', 15, 2, 4),
('RX2000000008', 'Rifampin', 15, 1, 2),
('RX2000000009', 'Isoniazid', 10, 3, 3),
('RX2000000009', 'Linezolid', 10, 2, 4),
('RX2000000010', 'Pyrazinamide', 20, 1, 2),
('RX2000000011', 'Moxifloxacin', 7, 1, 3),
('RX2000000012', 'Clofazimine', 5, 4, 4),
('RX2000000013', 'Levofloxacin', 10, 1, 2),
('RX2000000014', 'Kanamycin', 15, 1, 4),
('RX2000000015', 'Rifampin', 15, 1, 2),
('RX2000000016', 'Ethionamide', 10, 3, 4),
('RX2000000016', 'Isoniazid', 10, 2, 3),
('RX2000000017', 'Moxifloxacin', 7, 1, 2),
('RX2000000018', 'Levofloxacin', 10, 3, 4),
('RX2000000019', 'Rifampin', 15, 1, 2),
('RX2000000019', 'Bedaquiline', 5, 1, 4),
('RX2000000020', 'Streptomycin', 15, 2, 3),
('RX2000000021', 'Ethambutol', 15, 1, 4),
('RX2000000021', 'Kanamycin', 15, 1, 2),
('RX2000000022', 'Isoniazid', 10, 1, 3),
('RX2000000023', 'Pyrazinamide', 20, 2, 2),
('RX2000000024', 'Clofazimine', 5, 3, 4),
('RX2000000025', 'Rifampin', 15, 1, 4),
('RX2000000026', 'Levofloxacin', 10, 1, 3),
('RX2000000026', 'Linezolid', 10, 2, 2),
('RX2000000027', 'Capreomycin', 15, 2, 3),
('RX2000000028', 'Streptomycin', 15, 2, 4),
('RX2000000028', 'Isoniazid', 10, 1, 4),
('RX2000000029', 'Rifampin', 8, 1, 4),
('RX2000000030', 'Pyrazinamide', 25, 1, 3),
('RX2000000031', 'Ethambutol', 15, 4, 2),
('RX2000000032', 'Levofloxacin', 15, 1, 3),
('RX2000000033', 'Bedaquiline', 5, 3, 4),
('RX2000000033', 'Kanamycin', 20, 1, 2),
('RX2000000034', 'Moxifloxacin', 12, 1, 4),
('RX2000000035', 'Streptomycin', 20, 2, 3),
('RX2000000036', 'Ethambutol', 15, 1, 2),
('RX2000000036', 'Capreomycin', 20, 2, 4),
('RX2000000037', 'Rifampin', 8, 1, 2),
('RX2000000038', 'Isoniazid', 10, 3, 3),
('RX2000000039', 'Linezolid', 15, 2, 4),
('RX2000000040', 'Pyrazinamide', 25, 1, 2),
('RX2000000040', 'Moxifloxacin', 12, 1, 3),
('RX2000000041', 'Clofazimine', 10, 4, 4),
('RX2000000042', 'Levofloxacin', 15, 1, 2),
('RX2000000042', 'Kanamycin', 20, 1, 4),
('RX2000000043', 'Rifampin', 8, 1, 2),
('RX2000000044', 'Ethionamide', 25, 3, 4),
('RX2000000045', 'Isoniazid', 10, 2, 3),
('RX2000000046', 'Moxifloxacin', 12, 1, 2),
('RX2000000047', 'Levofloxacin', 15, 3, 4),
('RX2000000047', 'Rifampin', 8, 1, 2),
('RX2000000048', 'Bedaquiline', 5, 1, 4),
('RX2000000049', 'Streptomycin', 20, 2, 3),
('RX2000000050', 'Ethambutol', 15, 1, 4),
('RX2000000051', 'Kanamycin', 20, 1, 2),
('RX2000000051', 'Isoniazid', 10, 1, 3),
('RX2000000052', 'Pyrazinamide', 25, 2, 2),
('RX2000000053', 'Clofazimine', 10, 3, 4),
('RX2000000054', 'Rifampin', 8, 1, 4),
('RX2000000055', 'Levofloxacin', 15, 1, 3),
('RX2000000055', 'Linezolid', 15, 2, 2),
('RX2000000056', 'Capreomycin', 20, 2, 3),
('RX2000000057', 'Streptomycin', 20, 2, 4),
('RX2000000058', 'Ethambutol', 15, 1, 2),
('RX2000000059', 'Moxifloxacin', 12, 1, 3),
('RX2000000060', 'Isoniazid', 10, 1, 4),
('RX2000000061', 'Rifampin', 8, 3, 2),
('RX2000000062', 'Kanamycin', 20, 1, 2),
('RX2000000063', 'Bedaquiline', 5, 1, 3),
('RX2000000064', 'Rifampin', 8, 3, 4),
('RX2000000065', 'Levofloxacin', 15, 3, 4),
('RX2000000066', 'Capreomycin', 20, 2, 2),
('RX2000000067', 'Moxifloxacin', 12, 1, 2),
('RX2000000068', 'Streptomycin', 20, 2, 3),
('RX2000000069', 'Isoniazid', 10, 1, 4),
('RX2000000070', 'Levofloxacin', 15, 4, 2),
('RX2000000071', 'Rifampin', 8, 1, 3),
('RX2000000072', 'Ethionamide', 25, 1, 4),
('RX2000000073', 'Isoniazid', 10, 1, 2),
('RX2000000074', 'Moxifloxacin', 12, 2, 3),
('RX2000000075', 'Streptomycin', 20, 2, 2),
('RX2000000076', 'Levofloxacin', 15, 1, 4),
('RX2000000077', 'Rifampin', 8, 1, 4),
('RX2000000078', 'Kanamycin', 20, 1, 3),
('RX2000000079', 'Linezolid', 15, 2, 3),
('RX2000000080', 'Capreomycin', 20, 2, 2),
('RX2000000081', 'Clofazimine', 10, 1, 2),
('RX2000000082', 'Isoniazid', 10, 1, 3),
('RX2000000083', 'Rifampin', 8, 1, 4),
('RX2000000084', 'Ethambutol', 15, 1, 3),
('RX2000000085', 'Levofloxacin', 15, 1, 2),
('RX2000000086', 'Rifampin', 8, 1, 2),
('RX2000000087', 'Isoniazid', 10, 1, 3),
('RX2000000088', 'Pyrazinamide', 25, 1, 3),
('RX2000000089', 'Moxifloxacin', 12, 1, 4),
('RX2000000090', 'Streptomycin', 20, 2, 3),
('RX2000000091', 'Ethambutol', 15, 1, 2),
('RX2000000092', 'Kanamycin', 20, 1, 4),
('RX2000000093', 'Clofazimine', 10, 1, 4),
('RX2000000094', 'Levofloxacin', 15, 1, 3),
('RX2000000095', 'Capreomycin', 20, 2, 4),
('RX2000000096', 'Linezolid', 15, 2, 2),
('RX2000000097', 'Ethionamide', 25, 1, 3),
('RX2000000098', 'Levofloxacin', 15, 1, 4),
('RX2000000099', 'Moxifloxacin', 12, 1, 3),
('RX2000000100', 'Rifampin', 8, 1, 4);